Model Name,Engine Type,HP or lbs thr ea engine,Max speed Knots,Rcmnd cruise Knots,Stall Knots dirty,Fuel gal/lbs,All eng rate of climb,Eng out rate of climb,Takeoff over 50ft,Landing over 50ft,Empty weight lbs,Length ft/in,Wing span ft/in,Range N.M.,Price
100 Darter (S.L. Industries),Piston,145,104.0,91.0,46.0,36,450.0,900.0,1300.0,"2,050",1180.0,25/3,37/5,370.0,1300000.0
7 CCM Champ,Piston,85,89.0,83.0,44.0,15,600.0,720.0,800.0,"1,350",820.0,20/7,36/1,190.0,1230000.0
100 Darter (S.L. Industries),Piston,90,90.0,78.0,37.0,19,650.0,475.0,850.0,"1,300",810.0,21/5,35/0,210.0,1600000.0
7 AC Champ,Piston,85,88.0,78.0,37.0,19,620.0,500.0,850.0,"1,300",800.0,21/5,35/0,210.0,1300000.0
100 Darter (S.L. Industries),Piston,65,83.0,74.0,33.0,14,370.0,632.0,885.0,"1,220",740.0,21/5,35/0,175.0,1250000.0
PA-60-700P Aerostar (preliminary),Piston,65,78.0,72.0,33.0,15,360.0,583.0,880.0,"1,250",786.0,20/4,36/1,180.0,1100000.0
"PA-601P pressurized Aerostar ('77 service ceiling=26,350)",Piston,350,264.0,230.0,80.0,165,1820.0,3080.0,2100.0,"6,315",4275.0,34/10,36/8,868.0,2500000.0
100 Darter (S.L. Industries),Piston,290,262.0,247.0,77.0,165,1755.0,2250.0,2076.0,"6,000",4125.0,34/9,36/7,1020.0,2800000.0
"PA-601, 601A, turbochg Aerostar",Piston,290,257.0,235.0,77.0,165,1460.0,2490.0,2030.0,"6,000",4056.0,34/10,36/8,1101.0,2500000.0
100 Darter (S.L. Industries),Piston,290,257.0,237.0,77.0,165,1460.0,2490.0,2030.0,"6,000",3958.0,34/10,36/8,1174.0,3000000.0
G164B-600 AG-CAT (design category) sprayer,Piston,290,271.0,236.0,69.0,174,1700.0,2200.0,1625.0,"5,700",3750.0,34/10,34/2,1174.0,3010000.0
100 Darter (S.L. Industries),Piston,290,220.0,212.0,74.0,165,1800.0,1950.0,1840.0,"5,500",3737.0,34/10,34/2,1200.0,2120000.0
G164A-300 AG CAT,Piston,600,177.0,100.0,52.0,64,1360.0,1050.0,1150.0,"5,200",3650.0,25/6,42/5,200.0,2000000.0
100 Darter (S.L. Industries),Piston,600,128.0,96.0,59.0,46,1600.0,860.0,770.0,"4,500",3160.0,24/4,35/11,148.0,1450000.0
G164A-245 AG CAT,Piston,525,128.0,91.0,52.0,46,1350.0,1706.0,540.0,567,4500.0,"3,150",42/3,155.0,2000000.0
A-2,Piston,450,128.0,91.0,52.0,46,1060.0,1090.0,1150.0,"4,500",3100.0,25/7,42/3,190.0,1450000.0
100 Darter (S.L. Industries),Piston,450,128.0,91.0,58.0,46,990.0,1145.0,750.0,"4,500",2870.0,24/4,35/11,190.0,1400000.0
415-G,Piston,300,128.0,74.0,54.0,46,700.0,1200.0,1000.0,"3,750",2410.0,24/4,35/8,226.0,1150000.0
CH-601-XL/i/650-LS/i,Piston,275,114.0,74.0,54.0,33,600.0,1275.0,1000.0,"3,750",2400.0,24/4,35/8,117.0,1025000.0
8KCAB-150 F/P prop(w/optional speed kit),Piston,245,114.0,70.0,54.0,33,496.0,1300.0,1000.0,"3,750",2300.0,24/4,35/8,174.0,850000.0
7KCAB,Piston,220,114.0,70.0,48.0,33,435.0,1360.0,1000.0,"3,600",2200.0,24/4,35/8,190.0,700000.0
7GCAA,Piston,90,112.0,108.0,37.0,24,640.0,1100.0,1200.0,"1,450",930.0,20/2,30/0,410.0,1730000.0
100 Darter (S.L. Industries),Piston,90,113.0,104.0,50.0,24,600.0,1800.0,1600.0,"1,400",900.0,20/1,30/0,400.0,1600000.0
7GCBC with EDO floats,Piston,85,99.0,96.0,50.0,24,550.0,2100.0,1850.0,"1,400",833.0,20/1,30/0,360.0,1350000.0
7EC,Piston,100,120.0,113.0,38.0,30,1000.0,1706.0,1525.0,"1,320",770.0,20/0,27/0,715.0,1200000.0
Starship 2000 (2000A=increased spds & weights),Piston,150,147.0,137.0,52.0,40,1000.0,1706.0,1525.0,"1,800",1260.0,22/11,32/0,404.0,1600000.0
King Air 260,Piston,150,116.0,109.0,43.0,39,1120.0,535.0,755.0,"1,650",1140.0,22/7,34/5,411.0,1700000.0
B200 Super King Air,Piston,150,109.0,103.0,37.0,37,1140.0,617.0,718.0,"1,650",1050.0,22/9,34/5,411.0,1810000.0
100 Darter (S.L. Industries),Piston,150,113.0,109.0,43.0,39,1120.0,535.0,755.0,"1,650",1140.0,22/8,33/5,411.0,1700000.0
"B100 King Air (prior '79 serv. ceiling=29,100)",Piston,150,113.0,111.0,39.0,35,1145.0,457.0,690.0,"1,650",1150.0,22/8,34/3,480.0,1700000.0
100 Darter (S.L. Industries),Piston,150,97.0,90.0,46.0,39,800.0,1706.0,1525.0,"1,800",1290.0,22/7,34/6,248.0,1600000.0
100 King Air,Piston,115,109.0,107.0,44.0,35,725.0,716.0,775.0,"1,650",1067.0,22/8,33/5,301.0,1200000.0
100 Darter (S.L. Industries),Piston,90,117.0,97.0,38.0,26,700.0,1240.0,700.0,"1,450",820.0,21/6,35/1,350.0,1550000.0
F90 King Air,Piston,60,85.0,75.0,38.0,13,400.0,850.0,1525.0,"1,220",750.0,21/11,35/1,261.0,850000.0
"C90A King Air (LJ-1063 up) (10,100 g/w=SN1138 up)",Piston,160,168.0,160.0,63.0,80,1160.0,1805.0,1330.0,"3,800",2588.0,29/7,36/9,680.0,1740000.0
100 Darter (S.L. Industries),Piston,180,148.0,139.0,53.0,51,850.0,1550.0,1120.0,"2,400",1360.0,22/0,31/6,530.0,1380000.0
100 Darter (S.L. Industries),Piston,150,136.0,127.0,52.0,37,660.0,1600.0,1100.0,"2,200",1323.0,22/0,31/6,428.0,1265000.0
A 90 King Air,Piston,150,130.0,122.0,50.0,38,660.0,1600.0,1100.0,"2,200",1271.0,22/0,31/5,503.0,1265000.0
100 Darter (S.L. Industries),Piston,108,120.0,108.0,52.0,24,705.0,1590.0,1100.0,"1,560",975.0,19/2,24/5,348.0,1275000.0
88 Queen Air pressurized,Piston,108,120.0,109.0,51.0,24,765.0,1400.0,1065.0,"1,500",1007.0,19/3,24/5,350.0,1375000.0
B 80 Queen Air - specs thru 1972,Piston,100,90.0,84.0,33.0,20,700.0,1706.0,1525.0,"1,320",845.0,22/5,35/6,275.0,1500000.0
80 Queen Air,Piston,180,126.0,113.0,36.0,52,1500.0,1706.0,1525.0,"1,800",1190.0,22/7,35/6,696.0,2000000.0
A 65 Queen Air,Piston,600,122.0,96.0,61.0,54,1000.0,1200.0,800.0,"6,000",3400.0,29/4,44/4,275.0,1500000.0
B 60 Duke pressurized (prior '78 t/o run=2006),Piston,600,122.0,108.0,57.0,100,900.0,1706.0,1525.0,"6,000",3700.0,29/4,44/4,275.0,1500000.0
60 Duke Pressurized,Propjet,750,138.0,130.0,57.0,190,1740.0,1706.0,1525.0,"6,000",3600.0,33/0,44/5,545.0,2500000.0
100 Darter (S.L. Industries),Piston,80,157.0,138.0,46.0,17,1000.0,820.0,721.0,"1,320",622.0,20/10,35/5,350.0,2000000.0
100 Darter (S.L. Industries),Propjet,1050,158.0,126.0,52.0,216,650.0,1706.0,1525.0,12500,5829.0,33/6,56,600.0,800000.0
C 50 Twin Bonanza,Propjet,"1,200",335.0,328.0,56.0,560,3225.0,3876.0,2630.0,"14,400",9887.0,46/1,54/5,1722.0,3480000.0
50 Twin Bonanza,Propjet,"1,050",314.0,303.0,56.0,539,2979.0,1706.0,2508.0,"15,000",9051.0,46/8,57/11,1966.0,3500000.0
58 P Baron-press.('77 hgt=9/6) (range based on 190 gal fuel),Propjet,850,310.0,259.0,80.0,3645,2437.0,1706.0,1525.0,12590,8830.0,43/10,57/11,1720.0,3500000.0
58 TC Baron (325) turbochg-non-pressurized,Propjet,850,294.0,279.0,75.0,544,2450.0,3345.0,2845.0,"12,500",7538.0,43/9,54/6,1972.0,3500000.0
100 Darter (S.L. Industries),Propjet,850,290.0,272.0,75.0,544,2450.0,3345.0,2845.0,"12,500",7538.0,43/9,54/6,1870.0,3288000.0
58 Baron (300 hp),Propjet,715,265.0,258.0,83.0,470,1963.0,2951.0,2679.0,"11,800",7082.0,39/11,45/11,1080.0,2485000.0
100 Darter (S.L. Industries),Propjet,680,248.0,235.0,75.0,470,1963.0,3245.0,2944.0,"11,500",6797.0,39/11,45/11,1000.0,2485000.0
A56TC Turbo Baron,Propjet,680,248.0,239.0,73.0,374,2200.0,1729.0,2138.0,"10,600",6440.0,39/9,45/10,1005.0,2590000.0
100 Darter (S.L. Industries),Propjet,750,279.0,265.0,79.0,470,2455.0,2808.0,2275.0,"10,950",6647.0,39/10,45/11,1235.0,3045000.0
E 55 Baron ('70-'72 fuel=142 gal opt),Propjet,750,267.0,261.0,77.0,470,2380.0,2856.0,2275.0,"10,950",6549.0,39/10,45/11,1235.0,2980200.0
100 Darter (S.L. Industries),Propjet,550,250.0,245.0,77.0,474,1870.0,2024.0,2110.0,"10,100",5996.0,35/6,50/3,1290.0,2762000.0
B 55 Baron (1978 & up),Propjet,550,247.0,240.0,75.0,384,2137.0,2261.0,1672.0,"10,100",5765.0,35/6,50/3,1120.0,3000000.0
100 Darter (S.L. Industries),Propjet,550,223.0,217.0,76.0,384,1955.0,2261.0,1672.0,"9,650",5765.0,35/6,50/3,1120.0,2810000.0
100 Darter (S.L. Industries),Propjet,550,223.0,219.0,74.0,384,2000.0,2180.0,2010.0,"9,650",5685.0,36/6,50/3,1185.0,2720000.0
E 95 Travel Air (fuel inj.),Propjet,550,223.0,216.0,77.0,384,1900.0,2150.0,1960.0,"9,300",5680.0,35/6,45/1,1160.0,3020000.0
100 Darter (S.L. Industries),Propjet,500,243.0,235.0,75.0,384,2000.0,1755.0,1870.0,"9,000",5680.0,35/6,45/1,1270.0,2840000.0
"95, B95 Travel Air (95 = 4,000 lb. gross)",Piston,380,214.0,192.0,71.0,264,1275.0,1800.0,2311.0,"8,800",6035.0,35/6,50/3,902.0,2680000.0
100 Darter (S.L. Industries),Piston,380,216.0,196.0,70.0,200,1275.0,2556.0,2572.0,"8,800",5277.0,35/6,50/3,656.0,2680000.0
B 36 TC Bonanza,Piston,380,216.0,195.0,71.0,214,1275.0,1800.0,2311.0,"8,800",5120.0,35/6,50/3,716.0,2680000.0
100 Darter (S.L. Industries),Piston,380,219.0,200.0,70.0,214,1585.0,1800.0,2143.0,"8,500",4900.0,35/6,50/3,716.0,2850000.0
A 36 Bonanza (300 hp),Piston,380,208.0,191.0,67.0,230,1300.0,1450.0,2070.0,"8,000",4800.0,35/2,50/3,746.0,2800000.0
100 Darter (S.L. Industries),Piston,340,208.0,186.0,70.0,214,1375.0,1675.0,2107.0,"8,200",4995.0,35/6,50/4,755.0,3000000.0
36 Bonanza,Piston,340,208.0,186.0,70.0,214,1300.0,1560.0,1750.0,"7,700",4980.0,35/6,45/10,755.0,3130000.0
100 Darter (S.L. Industries),Piston,340,200.0,186.0,70.0,180,1300.0,1700.0,1980.0,"7,700",4640.0,33/3,45/10,630.0,2700000.0
V 35B Bonanza ('80 & up=fuel std 74 gal),Piston,380,246.0,233.0,73.0,142,1601.0,2626.0,3065.0,"6,775",4425.0,33/10,39/3,1010.0,3000000.0
100 Darter (S.L. Industries),Piston,380,249.0,240.0,76.0,142,1601.0,2626.0,3065.0,"6,775",4175.0,33/10,39/3,824.0,3080000.0
V 35 TC Turbo Bonanza,Piston,380,249.0,236.0,76.0,142,1615.0,1660.0,2340.0,"6,725",4100.0,33/10,39/3,824.0,3130000.0
100 Darter (S.L. Industries),Piston,450,204.0,191.0,76.0,198,1400.0,2072.0,1850.0,"9,900",5845.0,35/2,49/8,622.0,2030000.0
S 35 Bonanza,Piston,450,200.0,186.0,73.0,275,1410.0,1980.0,1850.0,"9,700",5910.0,35/1,49/6,880.0,2140000.0
100 Darter (S.L. Industries),Piston,450,203.0,187.0,71.0,206,1250.0,2079.0,1569.0,"9,300",6150.0,33/1,47/7,638.0,2300000.0
"K,M 35 Bonanza",Piston,450,200.0,183.0,67.0,206,1190.0,1760.0,1460.0,"8,750",5770.0,33/1,47/7,632.0,2050000.0
100 Darter (S.L. Industries),Piston,340,204.0,180.0,72.0,180,1270.0,1250.0,1840.0,"7,300",4480.0,31/5,45/9,787.0,2950000.0
H 35 Bonanza,Piston,340,209.0,184.0,72.0,180,1320.0,1250.0,1840.0,"7,000",4460.0,31/5,45/9,813.0,2950000.0
100 Darter (S.L. Industries),Piston,295,186.0,178.0,62.0,134,1450.0,1260.0,1452.0,"6,300",4100.0,31/5,45/9,670.0,2000000.0
"C, D 35 Bonanza",Piston,275,178.0,161.0,60.0,134,1450.0,1260.0,1375.0,"6,000",3956.0,31/5,45/2,726.0,2000000.0
100 Darter (S.L. Industries),Piston,260,177.0,159.0,60.0,134,1450.0,1344.0,1215.0,"6,000",3940.0,31/5,45/2,733.0,2000000.0
35 Bonanza,Piston,260,177.0,158.0,56.0,134,1450.0,1350.0,1215.0,"5,500",3800.0,31/5,45/2,722.0,1900000.0
100 Darter (S.L. Industries),Piston,325,261.0,232.0,78.0,166,1475.0,2643.0,2427.0,"6,200",4026.0,29/11,37/10,1013.0,2500000.0
F & E 33-C Bonanza (conventional tail),Piston,310,256.0,214.0,79.0,166,1529.0,2376.0,2498.0,"6,100",3985.0,29/10,37/10,1130.0,2500000.0
100 Darter (S.L. Industries),Piston,310,231.0,207.0,79.0,166,1424.0,2761.0,2498.0,"6,100",3985.0,29/10,37/10,1104.0,2500000.0
E 33 A Bonanza (conventional tail),Piston,325,261.0,232.0,78.0,166,1475.0,2643.0,2427.0,"6,200",3788.0,29/11,37/10,1013.0,2500000.0
100 Darter (S.L. Industries),Piston,310,250.0,214.0,79.0,166,1461.0,2376.0,2498.0,"6,100",3780.0,29/10,37/10,1130.0,2500000.0
C 33 A Debonair,Piston,300,208.0,195.0,74.0,136,1750.0,2371.0,2498.0,"5,500",3443.0,29/10,37/10,1109.0,2068800.0
100 Darter (S.L. Industries),Piston,285,208.0,195.0,74.0,136,1660.0,2101.0,2498.0,"5,400",3361.0,29/10,37/10,1109.0,1860000.0
"A,B 33 Debonair",Piston,380,252.0,247.0,73.0,142,2020.0,1420.0,2080.0,"5,990",3700.0,29/0,37/10,737.0,3220000.0
100 Darter (S.L. Industries),Piston,380,252.0,247.0,73.0,142,2020.0,1420.0,2080.0,"5,990",3650.0,28/3,37/10,737.0,3220000.0
"C-24R Sierra 200 (prior'78 svc. ceil=16,400)",Piston,285,208.0,195.0,73.0,100,1682.0,968.0,1414.0,"5,300",3291.0,29/0,37/10,934.0,1910000.0
100 Darter (S.L. Industries),Piston,285,210.0,200.0,67.0,112,1670.0,968.0,1414.0,"5,300",3075.0,28/3,37/10,550.0,2090000.0
A-24R Sierra 200,Piston,260,201.0,184.0,73.0,100,1693.0,2154.0,2148.0,"5,100",3236.0,28/0,37/10,739.0,1930000.0
100 Darter (S.L. Industries),Piston,260,205.0,196.0,68.0,112,1670.0,1225.0,1370.0,"5,100",3075.0,27/0,37/10,763.0,1970000.0
C 23 Sundowner (pre '76 fuel=52 gal) pre'82=less mph,Piston,260,200.0,191.0,66.0,112,1700.0,1700.0,1470.0,"4,880",2960.0,26/5,37/8,745.0,1950000.0
100 Darter (S.L. Industries),Piston,260,200.0,191.0,66.0,112,1630.0,1700.0,1470.0,"4,880",2960.0,25/7,37/8,745.0,1920000.0
"A 23, A23A Musketeer (A=2,400 lb gross)",Piston,180,183.0,174.0,61.0,80,1250.0,1280.0,1590.0,"4,200",2650.0,25/1,37/1,661.0,1810000.0
100 Darter (S.L. Industries),Piston,180,183.0,174.0,61.0,80,1250.0,2100.0,1850.0,"4,200",2635.0,25/3,37/1,661.0,1810000.0
B 19 Sport 150 (76' & prior fuel=52 gal),Piston,180,183.0,170.0,61.0,80,1250.0,2100.0,1850.0,"4,100",2635.0,25/3,37/9,661.0,1810000.0
100 Darter (S.L. Industries),Piston,180,171.0,158.0,60.0,100,1248.0,2119.0,1881.0,"3,900",2460.0,29/0,38/0,843.0,1965000.0
77 Skipper ('79-'80 height=7/11),Piston,300,213.0,190.0,57.0,102,1049.0,2364.0,1692.0,"3,850",2338.0,27/6,37/10,957.0,2500000.0
"17-31 ATC Turbo, 300-Lyc. (prior '78=8 gal less)",Piston,300,214.0,190.0,57.0,74,1165.0,2012.0,1449.0,"3,650",2278.0,27/6,33/6,800.0,2500000.0
"17-31A, (prior '78=8 gal less fuel + 6 mph less)",Piston,300,184.0,169.0,59.0,74,1210.0,1913.0,1473.0,"3,650",2247.0,27/6,33/6,720.0,1850000.0
100 Darter (S.L. Industries),Piston,285,179.0,168.0,52.0,74,10303.0,2040.0,1450.0,"3,600",2195.0,27/6,33/6,697.0,1660000.0
"17-30A, (1979 & up; 1993 & up + 5 mph; IO-550 +6 mph)",Piston,285,177.0,170.0,56.0,50,1015.0,1525.0,1240.0,"3,600",1980.0,26/4,32/10,510.0,1600000.0
100 Darter (S.L. Industries),Piston,285,217.0,200.0,55.0,50,1225.0,1320.0,1177.0,"3,400",2027.0,26/4,33/5,600.0,2950000.0
17-30-300 Viking (Continental eng),Piston,285,182.0,172.0,51.0,74,11673.0,1769.0,1324.0,"3,400",2286.5,26/5,33/6,717.0,1785800.0
100 Darter (S.L. Industries),Piston,285,183.0,177.0,55.0,44,1136.0,1320.0,1177.0,"3,400",1960.0,26/4,33/5,536.0,1750000.0
14-19-2 Cruisemaster,Piston,285,209.0,195.0,55.0,50,1225.0,1320.0,1177.0,"3,400",1950.0,26/4,33/5,580.0,2660000.0
100 Darter (S.L. Industries),Piston,285,183.0,177.0,55.0,50,1136.0,1320.0,1177.0,"3,400",1915.0,26/4,33/5,543.0,1750000.0
14-13 Cruiseair Sr.,Piston,285,184.0,178.0,54.0,50,1200.0,1225.0,1150.0,"3,300",1915.0,26/4,33/5,543.0,1830000.0
55 (1984-'85),Piston,260,178.0,170.0,52.0,50,1150.0,1260.0,1100.0,"3,125",1855.0,25/2,33/5,535.0,1920000.0
55 (thru 1983),Piston,250,183.0,170.0,52.0,49,1170.0,1185.0,1050.0,"2,950",1832.0,25/1,33/5,495.0,2000000.0
100 Darter (S.L. Industries),Piston,250,183.0,174.0,50.0,39,1250.0,1175.0,1050.0,"2,900",1820.0,25/1,32/9,492.0,2130000.0
100 Darter (S.L. Industries),Piston,240,179.0,165.0,50.0,39,1225.0,1260.0,1050.0,"2,900",1820.0,25/1,32/9,470.0,1980000.0
"36 A (prior'82 = gross weight @ 18,000)",Piston,225,169.0,160.0,48.0,39,1300.0,1270.0,1025.0,"2,775",1722.0,25/1,32/9,550.0,1900000.0
36,Piston,205,165.0,152.0,48.0,39,1100.0,1500.0,975.0,"2,700",1650.0,25/1,32/9,510.0,1800000.0
100 Darter (S.L. Industries),Piston,196,160.0,148.0,49.0,39,890.0,1515.0,950.0,"2,650",1575.0,25/1,32/9,470.0,1710000.0
100 Darter (S.L. Industries),Piston,185,160.0,150.0,48.0,39,950.0,1440.0,925.0,"2,550",1458.0,25/1,32/9,530.0,1800000.0
100 Darter (S.L. Industries),Piston,260,177.0,168.0,49.0,50,1060.0,1516.0,1150.0,"3,300",1935.0,25/5,32/9,513.0,1660000.0
28 Longhorn,Piston,285,181.0,174.0,53.0,50,1200.0,1225.0,1150.0,"3,300",1918.0,25/6,32/9,520.0,1830000.0
"25 D,F w/6 engs=45,000 service ceiling (prior '82 more rate of climb)",Piston,285,182.0,172.0,51.0,74,11673.0,1769.0,1324.0,"3,400",2125.0,26/8,33/6,717.0,1785800.0
100 Darter (S.L. Industries),Piston,285,181.0,174.0,53.0,50,1200.0,1225.0,1150.0,"3,300",1915.0,25/6,32/10,520.0,1830000.0
25 C (1973 thru 1975),Piston,225,170.0,161.0,52.0,50,930.0,1288.0,1298.0,"3,050",1862.0,25/6,32/10,520.0,1780000.0
100 Darter (S.L. Industries),Piston,285,181.0,174.0,53.0,50,1200.0,1225.0,1150.0,"3,300",1775.0,25/6,32/10,520.0,1830000.0
"24 F (w/8A engs=51,000 service ceil)",Piston,225,170.0,161.0,52.0,50,980.0,1288.0,1298.0,"3,050",1854.0,25/6,32/10,568.0,1830000.0
100 Darter (S.L. Industries),Piston,225,170.0,161.0,52.0,50,960.0,1235.0,1282.0,"3,000",1745.0,25/6,32/10,568.0,1840000.0
24 D (1973 thru 1975),Piston,225,170.0,161.0,52.0,50,1010.0,1235.0,1282.0,"2,900",1730.0,25/5,32/8,550.0,1980000.0
100 Darter (S.L. Industries),Piston,200,145.0,137.0,60.0,57,927.0,1561.0,1462.0,"2,750",1696.0,25/9,32/9,647.0,1538500.0
24 C,Piston,200,140.0,131.0,55.0,52,891.0,1804.0,1519.0,"2,750",1711.0,25/8,32/9,591.0,1434200.0
100 Darter (S.L. Industries),Piston,200,148.0,141.0,57.0,58,862.0,1630.0,1380.0,"2,750",1610.0,25/8,32/9,704.0,1435000.0
24 Twin Jet,Piston,200,137.0,130.0,52.0,60,880.0,1380.0,1300.0,"2,550",1410.0,25/1,32/7,643.0,1485000.0
100 Darter (S.L. Industries),Piston,180,128.0,116.0,51.0,57,792.0,1955.0,1484.0,"2,450",1494.0,25/9,32/9,565.0,1260000.0
100 Darter (S.L. Industries),Piston,180,127.0,120.0,50.0,60,728.0,1460.0,1260.0,"2,400",1375.0,25/1,32/7,565.0,1187000.0
650 Citation VII,Piston,165,127.0,120.0,50.0,60,880.0,1460.0,1260.0,"2,350",1325.0,25/1,32/7,565.0,1187000.0
650 Citation VI,Piston,160,123.0,111.0,52.0,60,720.0,1275.0,1260.0,"2,300",1300.0,25/1,32/7,800.0,1350000.0
100 Darter (S.L. Industries),Piston,150,110.0,107.0,50.0,57,680.0,1635.0,1693.0,"2,150",1414.0,25/9,32/9,643.0,1165000.0
650 Citation III (thru SN 099),Piston,150,122.0,114.0,48.0,60,900.0,1255.0,1220.0,"2,200",1325.0,25/1,32/7,800.0,1490000.0
100 Darter (S.L. Industries),Piston,115,106.0,97.0,47.0,29,720.0,1280.0,1313.0,"1,675",1103.0,24/0,30/0,370.0,1290000.0
100 Darter (S.L. Industries),Piston,300,193.0,187.0,61.0,68,1170.0,1420.0,1340.0,"3,325",2372.0,26/4,34/2,760.0,2400000.0
100 Darter (S.L. Industries),Piston,300,174.0,165.0,61.0,68,1170.0,1420.0,1340.0,"3,325",2247.0,26/4,34/2,483.0,1820000.0
S550 Citation SII,Piston,250,193.0,187.0,54.0,72,1800.0,890.0,1100.0,"3,200",2010.0,23/7,34/2,760.0,2400000.0
Citation II 550 (thru SN 626),Piston,300,181.0,176.0,61.0,68,1210.0,1420.0,1340.0,"3,325",2185.0,26/4,34/2,550.0,2000000.0
100 Darter (S.L. Industries),Piston,300,166.0,163.0,61.0,60,1085.0,1420.0,1340.0,"3,325",2217.0,26/4,34/2,550.0,1700000.0
Citation CJ3 525B,Piston,300,167.0,163.0,54.0,58,1840.0,890.0,1050.0,"3,200",1900.0,23/7,34/2,550.0,2100000.0
100 Darter (S.L. Industries),Piston,260,181.0,177.0,54.0,58,1500.0,990.0,825.0,"3,000",1750.0,23/6,34/2,639.0,2250000.0
100 Darter (S.L. Industries),Piston,230,179.0,170.0,42.0,40,1400.0,1025.0,1150.0,"2,700",1640.0,22/9,34/2,452.0,2000000.0
Citation I 500,Piston,190,174.0,157.0,38.0,40,1250.0,1270.0,1025.0,"2,600",1575.0,23/0,34/2,435.0,2150000.0
100 Darter (S.L. Industries),Piston,150,147.0,130.0,38.0,40,1100.0,1350.0,975.0,"2,100",1520.0,21/2,34/2,591.0,1950000.0
402C Business Liner II,Jet,"3,700",455.0,417.0,56.0,6707,4059.0,5600.0,3300.0,"21,500",12135.0,55/1,43/9,1715.0,5100000.0
"402,-A turbocharged",Jet,"3,700",457.0,169.0,56.0,6707,4380.0,4540.0,3109.0,"19,500",12130.0,55/1,43/9,1715.0,5100000.0
100 Darter (S.L. Industries),Jet,"8,650",480.0,442.0,56.0,16665,4200.0,5400.0,3300.0,"43,250",19950.0,68/5,61/10,3391.0,4100000.0
100 Darter (S.L. Industries),Jet,"7,500",480.0,442.0,56.0,14890,3400.0,5700.0,3300.0,"41,400",18660.0,68/5,61/10,2991.0,4100000.0
T 310 P turbocharged,Jet,"3,500",491.0,460.0,99.0,7400,4340.0,4972.0,3075.0,"18,300",9838.0,48/8,39/6,2289.0,4500000.0
310 Q,Jet,"3,500",477.0,441.0,105.0,7431,5100.0,4080.0,3105.0,"17,000",8802.0,48/7,39/5,2289.0,4500000.0
100 Darter (S.L. Industries),Jet,"3,500",471.0,460.0,99.0,6198,4760.0,4972.0,3075.0,"18,300",9838.0,48/8,39/6,1818.0,4500000.0
100 Darter (S.L. Industries),Jet,"3,500",477.0,441.0,105.0,6171,5100.0,4080.0,3105.0,"17,000",8762.0,48/7,39/5,1818.0,4500000.0
100 Darter (S.L. Industries),Jet,"2,950",478.0,441.0,79.0,5373,6110.0,2880.0,2220.0,"15,000",8157.0,47/7,43/9,1546.0,4790000.0
"310,-A",Jet,"2,950",475.0,441.0,79.0,4704,6350.0,2630.0,2220.0,"15,000",8195.0,47/7,43/9,1450.0,4880000.0
"T 337 G-P II,H-P, Skymaster pressurized",Jet,"2,950",464.0,459.0,97.0,6098,6830.0,3937.0,2817.0,"15,000",7950.0,47/7,35/7,1431.0,5100000.0
100 Darter (S.L. Industries),Jet,"2,950",464.0,441.0,104.0,6098,6050.0,5186.0,3090.0,"15,000",7355.0,47/6,35/7,1450.0,4500000.0
T 337 E & F Skymaster turbocharged,Jet,"2,950",464.0,441.0,104.0,7464,6050.0,5186.0,3090.0,"15,000",7233.0,47/6,35/7,1525.0,4500000.0
100 Darter (S.L. Industries),Jet,"2,950",477.0,442.0,90.0,6098,6050.0,5186.0,2703.0,"15,000",7206.0,47/6,35/6,1385.0,4500000.0
T 337 C Skymaster turbocharged,Jet,"2,950",475.0,441.0,88.0,5628,7100.0,3297.0,2873.0,"13,500",7130.0,43/3,35/6,1001.0,4500000.0
100 Darter (S.L. Industries),Jet,"2,950",477.0,441.0,88.0,4791,7220.0,3000.0,2789.0,"12,900",7025.0,43/3,35/6,730.0,4500000.0
"337 G,H II Skymaster (prior '79 service ceiling=18,000)",Jet,"2,950",464.0,441.0,99.0,5628,6800.0,3917.0,2800.0,"13,500",6988.0,43/3,35/7,1001.0,4500000.0
100 Darter (S.L. Industries),Jet,"2,950",477.0,442.0,87.0,840,6800.0,3917.0,2703.0,"13,500",6803.0,43/3,35/6,1001.0,4500000.0
337 E Skymaster,Jet,"2,950",461.0,442.0,88.0,715,6900.0,3370.0,2850.0,"12,500",6519.0,43/3,35/6,1385.0,4500000.0
100 Darter (S.L. Industries),Jet,"2,950",474.0,437.0,88.0,834,6300.0,3100.0,3307.0,"13,500",6927.0,43/3,35/7,1001.0,4500000.0
337 C Skymaster,Jet,"2,850",469.0,417.0,90.0,847,6300.0,3100.0,3350.0,"13,000",7090.0,43/2,35/7,1100.0,4100000.0
100 Darter (S.L. Industries),Jet,"2,850",488.0,423.0,89.0,828,6900.0,2940.0,2800.0,"12,500",6700.0,43/2,35/7,1000.0,4100000.0
208 Caravan-675,Jet,"6,400",0.92,511.0,56.0,13000,3720.0,5710.0,3820.0,"35,700",21400.0,72/2,63/9,3250.0,5100000.0
100 Darter (S.L. Industries),Jet,"4,000",0.85,476.0,97.0,7385,4442.0,4690.0,2910.0,"22,450",13700.0,55/5,53/5,2300.0,5100000.0
100 Darter (S.L. Industries),Jet,"3,650",473.0,169.0,97.0,7385,1520.0,5150.0,2900.0,"22,000",12775.0,55/5,53/5,2345.0,5100000.0
"T 210 K,L Turbo (K=9 mph less speed)",Jet,"3,650",472.0,461.0,97.0,7384,3699.0,5030.0,2900.0,"22,000",11811.0,55/6,53/6,2600.0,5100000.0
100 Darter (S.L. Industries),Jet,"3,650",472.0,169.0,89.0,7384,3909.0,4710.0,2560.0,"21,000",11720.0,55/6,53/6,2600.0,5100000.0
T 210 F Turbo Centurion,Jet,"3,786",0.76,429.0,82.0,6590,3090.0,3460.0,3315.0,"19,200",11310.0,51/10,55/8,2027.0,2000000.0
100 Darter (S.L. Industries),Jet,"3,400",0.755,427.0,83.0,5440,4500.0,1706.0,1525.0,"16,830",9977.0,48/9,54/1,1970.0,4500000.0
"210 M,NII (prior'78=less svc. ceil. & r/o/c=860)",Jet,"3,045",0.76,430.0,82.0,5771,4230.0,3180.0,2800.0,"16,300",9550.0,48/11,52/2,1960.0,2000000.0
210 F Centurion,Jet,"2,887",0.7,401.0,86.0,4860,3195.0,3600.0,3180.0,"14,800",8925.0,47/2,52/2,1900.0,2000000.0
100 Darter (S.L. Industries),Jet,"2,500",177.0,403.0,82.0,5820,3000.0,3240.0,3050.0,"15,000",8049.0,47/2,52/2,2104.0,4300000.0
100 Darter (S.L. Industries),Jet,"2,500",177.0,385.0,82.0,5008,3370.0,2990.0,2270.0,"13,300",7388.0,47/2,52/2,1930.0,4300000.0
T 207 (Stationair 7 & 8) '77=eng 310 hp,Jet,"2,500",177.0,385.0,82.0,5009,3625.0,2650.0,2210.0,"12,500",7181.0,47/2,52/2,2104.0,4300000.0
100 Darter (S.L. Industries),Jet,"2,820",0.737,351.0,56.0,4710,2460.0,1706.0,2770.0,"13,870",8300.0,50/2,53/4,1875.0,4500000.0
"U206E,F, float ('75-'76 specs) '76=+4 gal fuel",Jet,"1,900",0.71,380.0,85.0,3220,3311.0,3080.0,2750.0,"10,400",6550.0,42/6,46/8,1485.0,4100000.0
"TU 206E,F (ski) (prior'76=4 gal more fuel)",Jet,"2,200",177.0,357.0,82.0,3807,2719.0,2930.0,2270.0,"11,850",6631.0,43/6,47/1,1325.0,4100000.0
"U206 E,F (ski) Super Skywagon",Jet,"2,200",177.0,351.0,56.0,3780,2680.0,2930.0,2270.0,"11,850",6684.0,43/6,47/1,1325.0,4100000.0
100 Darter (S.L. Industries),Jet,"2,200",177.0,348.0,85.0,3780,2900.0,2660.0,2300.0,"11,500",6454.0,43/6,43/11,1308.0,4100000.0
"TU 206E,F Stationair",Jet,"2,200",177.0,348.0,84.0,3618,2900.0,2550.0,2310.0,"10,850",6350.0,43/6,43/9,1064.0,3500000.0
100 Darter (S.L. Industries),Propjet,625,295.0,283.0,76.0,475,2435.0,2465.0,1875.0,"9,850",5682.0,39/0,49/4,2193.0,3500000.0
"U206 F,G II ('75 up) '75 lgt=28/9 + prior'79 less fuel)",Propjet,450,263.0,169.0,84.0,366,1861.0,2490.0,2150.0,"8,600",4948.0,35/10,44/1,1248.0,3340000.0
100 Darter (S.L. Industries),Propjet,450,263.0,250.0,79.0,366,2027.0,2341.0,2145.0,"8,200",4915.0,35/10,44/1,1461.0,3470000.0
U 206 A,Piston,375,257.0,241.0,74.0,213,1940.0,2323.0,2293.0,"7,450",5048.0,36/5,41/1,1197.0,3020000.0
100 Darter (S.L. Industries),Piston,375,245.0,235.0,74.0,175,1850.0,2387.0,2178.0,"7,450",4426.0,36/1,41/9,845.0,3100000.0
"TP 206A,B,C,D,E (E=35/10 span) (A=28/0 lgt)",Piston,375,240.0,227.0,76.0,175,1700.0,2516.0,2110.0,"6,840",4252.0,33/8,39/9,826.0,2600000.0
100 Darter (S.L. Industries),Piston,375,240.0,222.0,76.0,170,1700.0,2516.0,2110.0,"6,800",4237.0,33/5,39/9,826.0,2600000.0
206H Stationair,Piston,310,235.0,224.0,72.0,213,1520.0,2595.0,2393.0,"6,750",4543.0,36/4,44/1,1099.0,3080000.0
100 Darter (S.L. Industries),Piston,310,239.0,224.0,70.0,102,1580.0,2350.0,1865.0,"6,350",4039.0,33/9,39/11,1090.0,3010000.0
P 206 Super Skylane,Piston,340,231.0,214.0,72.0,175,1900.0,2010.0,1851.0,"6,500",3865.0,33/5,39/9,908.0,2600000.0
100 Darter (S.L. Industries),Piston,375,232.0,217.0,70.0,348,1575.0,2367.0,2130.0,"8,400",4965.0,39/6,46/4,553.0,2600000.0
195 B,Piston,325,230.0,213.0,68.0,213,1450.0,2195.0,2485.0,"6,850",4238.0,36/4,44/1,875.0,2690000.0
100 Darter (S.L. Industries),Piston,300,229.0,210.0,70.0,102,1610.0,2220.0,1765.0,"6,300",4038.0,36/1,39/11,1180.0,2618000.0
195,Piston,300,227.0,209.0,69.0,102,1610.0,2220.0,1765.0,"6,300",3719.0,35/8,39/9,833.0,2618000.0
100 Darter (S.L. Industries),Piston,300,227.0,209.0,69.0,102,1610.0,2220.0,1765.0,"6,300",3674.0,33/8,39/9,1102.0,2618000.0
T 188C Ag Husky (prior'81=4 mph less),Piston,310,243.0,229.0,71.0,102,1650.0,2175.0,1850.0,"5,990",4184.0,34/4,38/1,1106.0,2980000.0
100 Darter (S.L. Industries),Piston,285,226.0,210.0,71.0,102,1500.0,2430.0,1840.0,"5,975",3730.0,34/4,38/1,1258.0,2650000.0
A188B Ag Wagon ('79 & up) dispersal sys,Piston,300,230.0,215.0,71.0,102,1400.0,2365.0,1850.0,"5,990",3963.0,34/4,38/1,928.0,2680000.0
100 Darter (S.L. Industries),Piston,285,239.0,226.0,64.0,102,1924.0,1515.0,1734.0,"5,300",3273.0,29/6,36/9,735.0,2900000.0
A188 Ag Wagon restricted (prior'77=7/10 hgt),Piston,260,229.0,213.0,63.0,102,1820.0,1584.0,1910.0,"5,200",3260.0,29/6,36/9,735.0,2810000.0
100 Darter (S.L. Industries),Piston,260,230.0,204.0,68.0,102,1820.0,1890.0,2056.0,"4,990",3190.0,29/5,36/9,740.0,2810000.0
188 Ag Pickup fixed-prop ('72) restricted,Piston,285,237.0,223.0,70.0,102,1700.0,1662.0,1790.0,"5,500",3723.0,31/11,36/11,517.0,2740000.0
100 Darter (S.L. Industries),Piston,285,238.0,225.0,67.0,102,1790.0,1662.0,1790.0,"5,500",3292.0,29/6,36/9,807.0,2820000.0
"188A,B Ag Wagon ('67-'71) fixed-prop normal",Piston,285,239.0,226.0,66.0,102,1862.0,1590.0,1790.0,"5,400",3292.0,29/3,36/9,807.0,2860000.0
100 Darter (S.L. Industries),Piston,285,207.0,194.0,70.0,102,1662.0,1700.0,1790.0,"5,500",3603.0,31/11,36/11,661.0,1975000.0
A185 F (float) (prior '79 = 4-8 gal less fuel),Piston,260,205.0,192.0,63.0,102,1495.0,1795.0,1697.0,"5,300",3214.0,29/6,36/9,680.0,1950000.0
A185 F II Skywagon (prior '81=less perform),Piston,260,206.0,193.0,62.0,102,1540.0,1716.0,1673.0,"5,200",3170.0,29/2,36/9,676.0,1990000.0
100 Darter (S.L. Industries),Piston,260,206.0,193.0,65.0,102,1540.0,1716.0,1582.0,"5,200",3125.0,29/5,36/11,676.0,1990000.0
185 E Skywagon,Piston,260,207.0,194.0,65.0,102,1590.0,1640.0,1540.0,"5,100",3094.0,29/6,36/11,687.0,2030000.0
100 Darter (S.L. Industries),Piston,260,209.0,194.0,65.0,102,1690.0,1545.0,1900.0,"5,100",3063.0,29/5,37/5,687.0,2110000.0
R182 II RG Turbo Skylane,Piston,260,210.0,191.0,73.0,102,1800.0,1395.0,1720.0,"4,990",3049.0,29/5,36/9,678.0,2130000.0
100 Darter (S.L. Industries),Piston,240,191.0,178.0,71.0,102,1700.0,1375.0,1710.0,"4,600",2850.0,27/1,36/1,640.0,1950000.0
T-182R II Turbo Skylane,Piston,250,216.0,180.0,62.0,155,1480.0,1750.0,1450.0,"5,000",3305.0,30/5,38/10,835.0,2500000.0
100 Darter (S.L. Industries),Piston,225,211.0,204.0,62.0,150,1170.0,1500.0,1675.0,"4,700",3184.0,29/10,38/2,939.0,2000000.0
182T Skylane,Piston,210,207.0,200.0,62.0,90,1160.0,1675.0,1650.0,"4,630",3038.0,29/10,38/2,1080.0,2000000.0
100 Darter (S.L. Industries),Piston,210,200.0,194.0,61.0,93,1105.0,1675.0,1650.0,"4,630",2850.0,29/10,38/2,920.0,2930000.0
182R II (1981 & up),Piston,210,201.0,195.0,61.0,93,1155.0,1595.0,1650.0,"4,500",2815.0,29/10,38/0,920.0,3010000.0
100 Darter (S.L. Industries),Piston,210,201.0,195.0,59.0,93,1155.0,1595.0,1520.0,"4,500",2795.0,29/10,38/0,920.0,3010000.0
182 N Skylane,Piston,210,202.0,196.0,57.0,93,1250.0,1490.0,1500.0,"4,300",2785.0,29/1,38/0,920.0,3100000.0
100 Darter (S.L. Industries),Piston,210,172.0,169.0,61.0,90,940.0,1675.0,1650.0,"4,630",2925.0,29/9,38/2,1139.0,1630000.0
"182 E,F,G,H",Piston,210,173.0,165.0,61.0,93,1100.0,1675.0,1650.0,"4,630",2695.0,29/9,38/2,920.0,1800000.0
100 Darter (S.L. Industries),Piston,210,173.0,166.0,60.0,93,1180.0,1565.0,1650.0,"4,440",2660.0,29/9,38/2,922.0,1930000.0
182,Piston,210,173.0,166.0,60.0,93,1200.0,1545.0,1650.0,"4,400",2655.0,29/9,38/0,920.0,1950000.0
100 Darter (S.L. Industries),Piston,210,173.0,166.0,58.0,93,1200.0,1545.0,1520.0,"4,400",2650.0,29/9,38/0,922.0,1950000.0
"180J,K amphib prior'76=4 gal more fuel (range w/80 gal fuel)",Piston,210,174.0,167.0,57.0,93,1250.0,1490.0,1500.0,"4,300",2615.0,29/9,38/0,922.0,2000000.0
100 Darter (S.L. Industries),Piston,210,174.0,167.0,55.0,93,1200.0,1435.0,1465.0,"4,200",2615.0,29/9,38/0,922.0,2050000.0
"180J,K (ski) (prior'79=15,600 serv. ceil, less fuel)",Piston,210,159.0,150.0,52.0,93,1300.0,1145.0,1395.0,"3,900",2320.0,29/7,38/0,880.0,1900000.0
100 Darter (S.L. Industries),Propjet,675,182.0,154.0,61.0,335,1234.0,2053.0,1655.0,"8,000",3973.0,37/6,52/1,866.0,2500000.0
180,Propjet,675,186.0,154.0,61.0,335,975.0,2420.0,1880.0,"8,750",4765.0,41/7,52/1,810.0,2370000.0
100 Darter (S.L. Industries),Piston,310,235.0,235.0,60.0,388,1400.0,1706.0,1525.0,3600,2350.0,25/2,36,1270.0,2500000.0
177 RG Cardinal,Piston,325,224.0,212.0,55.0,85,1150.0,2110.0,1600.0,"4,100",2471.0,28/4,38/10,715.0,2500000.0
100 Darter (S.L. Industries),Piston,310,201.0,191.0,58.0,90,945.0,2160.0,1500.0,"4,000",2481.0,28/2,36/9,661.0,2300000.0
177 B (thru'74)'70-'71 lgt=27/0 & hgt=9/1,Piston,325,224.0,207.0,55.0,87,1150.0,2110.0,1600.0,"4,100",2320.0,28/4,38/10,715.0,2900000.0
100 Darter (S.L. Industries),Piston,310,204.0,192.0,58.0,90,930.0,2160.0,1500.0,"4,000",2303.0,28/2,36/9,715.0,2700000.0
177 Cardinal,Piston,310,204.0,197.0,57.0,90,1030.0,1900.0,1500.0,"3,800",2306.0,28/2,36/9,732.0,2850000.0
100 Darter (S.L. Industries),Piston,285,205.0,187.0,57.0,90,930.0,2030.0,1500.0,"3,800",2180.0,28/3,36/9,732.0,2850000.0
"175,-A,-B",Piston,285,203.0,194.0,55.0,89,1115.0,1365.0,1355.0,"3,400",2050.0,28/3,36/9,739.0,3020000.0
100 Darter (S.L. Industries),Piston,285,200.0,191.0,54.0,65,1280.0,1265.0,1340.0,"3,300",1965.0,28/0,36/7,539.0,3130000.0
172 Q Cutlass,Piston,300,175.0,169.0,53.0,87,1060.0,2050.0,1585.0,"3,850",2220.0,28/2,38/10,600.0,1600000.0
100 Darter (S.L. Industries),Piston,300,174.0,170.0,57.0,90,950.0,2030.0,1500.0,"3,800",2219.0,28/2,36/9,600.0,1730000.0
172S Skyhawk SP,Piston,285,174.0,167.0,55.0,90,1000.0,1365.0,1355.0,"3,400",1960.0,28/3,36/9,760.0,1830000.0
100 Darter (S.L. Industries),Piston,285,172.0,165.0,54.0,65,1115.0,1265.0,1340.0,"3,300",1865.0,28/0,36/7,640.0,1990000.0
172 P II Skyhawk,Piston,285,173.0,166.0,53.0,65,1210.0,1110.0,1275.0,"3,100",1860.0,28/4,36/7,640.0,2100000.0
100 Darter (S.L. Industries),Piston,260,170.0,160.0,52.0,65,1270.0,1210.0,1110.0,"3,000",1780.0,27/3,36/6,680.0,2030000.0
172 M Skyhawk ('76=4 mph more speed),Piston,260,173.0,165.0,51.0,65,1300.0,1135.0,1190.0,"2,900",1740.0,27/3,36/5,700.0,2070000.0
100 Darter (S.L. Industries),Piston,310,170.0,161.0,59.0,61,885.0,1860.0,1500.0,"3,800",2254.0,32/2,35/10,583.0,2600000.0
R172K/Hawk XP (floats),Piston,300,150.0,143.0,59.0,61,810.0,1970.0,1500.0,"3,800",2177.0,32/2,35/10,612.0,1330000.0
100 Darter (S.L. Industries),Piston,310,155.0,135.0,52.0,92,835.0,2790.0,1750.0,"3,600",2404.0,29/8,35/10,640.0,2560000.0
172 M (float plane 1974-76),Piston,285,157.0,143.0,50.0,65,950.0,2400.0,1610.0,"3,600",2295.0,28/6,35/10,626.0,2420000.0
100 Darter (S.L. Industries),Piston,300,137.0,131.0,51.0,92,925.0,2820.0,1675.0,"3,500",2342.0,29/8,35/10,680.0,1390000.0
172 K & L float plane,Piston,300,136.0,130.0,53.0,61,855.0,2475.0,1570.0,"3,500",2312.0,29/8,35/10,580.0,1390000.0
100 Darter (S.L. Industries),Piston,300,136.0,131.0,49.0,65,855.0,2475.0,1570.0,"3,500",2200.0,28/6,35/10,510.0,1390000.0
"172,-D,-E,-F,-G,-H",Piston,300,136.0,131.0,56.0,65,855.0,2475.0,1570.0,"3,500",2060.0,28/6,36/10,510.0,1390000.0
100 Darter (S.L. Industries),Piston,285,145.0,132.0,61.0,65,920.0,1706.0,1525.0,"3,300",2165.0,28/8,35/10,626.0,2350000.0
100 Darter (S.L. Industries),Piston,300,121.0,119.0,52.0,65,800.0,1706.0,1525.0,"3,300",2065.0,28/8,35/10,510.0,1150000.0
"170,-A,-B",Piston,310,174.0,152.0,54.0,92,1010.0,1640.0,1395.0,"3,600",2066.0,28/3,35/10,640.0,2700000.0
100 Darter (S.L. Industries),Piston,285,174.0,148.0,53.0,65,1030.0,1810.0,1395.0,"3,600",1935.0,28/9,35/10,580.0,2630000.0
"150M, A150M (Aerobat span=32/9)",Piston,285,174.0,160.0,53.0,65,1030.0,1810.0,1395.0,"3,600",1795.0,27/8,36/7,627.0,2630000.0
100 Darter (S.L. Industries),Piston,300,156.0,147.0,54.0,92,920.0,1780.0,1395.0,"3,600",2002.0,28/3,35/10,680.0,1480000.0
A 150 L Aerobat (1974),Piston,300,151.0,143.0,53.0,65,920.0,1780.0,1395.0,"3,600",1725.0,28/8,36/7,510.0,1480000.0
100 Darter (S.L. Industries),Piston,285,151.0,142.0,53.0,65,920.0,1810.0,1340.0,"3,600",1795.0,27/9,36/7,555.0,1480000.0
"150 H,J,K (K=8/8 height)",Piston,285,154.0,144.0,52.0,65,1075.0,1265.0,1340.0,"3,300",1760.0,27/9,36/7,563.0,1670000.0
100 Darter (S.L. Industries),Piston,285,174.0,160.0,53.0,65,1030.0,1810.0,1395.0,"3,600",1915.0,28/3,36/7,609.0,2630000.0
"150 D,-E,-F,-G",Piston,310,178.0,150.0,54.0,92,1050.0,1740.0,1395.0,"3,600",2351.0,28/3,36/0,713.0,2700000.0
100 Darter (S.L. Industries),Piston,300,151.0,142.0,54.0,92,988.0,1860.0,1395.0,"3,600",2351.0,28/3,36/0,713.0,1570000.0
150,Piston,285,151.0,142.0,53.0,65,920.0,1810.0,1395.0,"3,600",1820.0,28/3,36/7,555.0,1480000.0
100 Darter (S.L. Industries),Piston,285,154.0,143.0,52.0,65,1075.0,1265.0,1340.0,"3,300",1790.0,28/2,36/6,565.0,1670000.0
140,Piston,260,145.0,138.0,50.0,65,965.0,1465.0,1510.0,"3,300",1750.0,27/3,36/6,515.0,1610000.0
100 Darter (S.L. Industries),Piston,275,152.0,143.0,54.0,80,1135.0,1605.0,1495.0,"3,350",2050.0,27/3,36/2,583.0,1625000.0
Vision Jet SF50,Piston,245,153.0,139.0,56.0,80,1050.0,1670.0,1495.0,"3,350",2030.0,27/3,36/2,603.0,1600000.0
Columbia 400 LC-41,Piston,300,157.0,148.0,55.0,80,1090.0,1670.0,1495.0,"3,350",2050.0,27/3,36/2,600.0,1600000.0
Columbia 350 LC-42,Piston,240,153.0,139.0,56.0,80,1090.0,1670.0,1495.0,"3,350",2015.0,27/3,36/2,610.0,1600000.0
100 Darter (S.L. Industries),Piston,310,113.0,106.0,58.0,54,510.0,2060.0,1265.0,"4,400",2322.0,26/6,41/8,283.0,1400000.0
115TC,Piston,300,106.0,101.0,57.0,54,465.0,2250.0,1265.0,"4,200",2230.0,25/11,41/8,290.0,780000.0
100 Darter (S.L. Industries),Piston,300,107.0,103.0,55.0,54,525.0,1965.0,1265.0,"4,000",2179.0,25/11,40/9,290.0,870000.0
114TC,Piston,300,105.0,98.0,50.0,54,690.0,1090.0,1265.0,"4,200",2220.0,26/3,41/8,290.0,1110000.0
100 Darter (S.L. Industries),Piston,300,105.0,98.0,50.0,37,690.0,1090.0,1265.0,"4,000",2189.0,26/3,40/9,278.0,1110000.0
"114,('76-24/10 length + less performance)",Piston,230,91.0,78.0,50.0,37,400.0,1920.0,1265.0,"3,800",1900.0,25/3,40/9,204.0,650000.0
100 Darter (S.L. Industries),Piston,230,94.0,83.0,50.0,37,460.0,1740.0,1265.0,"3,800",1835.0,25/3,40/9,204.0,770000.0
112B,Piston,300,131.0,123.0,50.0,37,940.0,970.0,1265.0,"3,300",1845.0,26/3,40/4,278.0,1570000.0
100 Darter (S.L. Industries),Piston,230,103.0,101.0,50.0,37,710.0,1365.0,1265.0,"3,300",1815.0,25/3,40/4,204.0,1300000.0
112,Piston,300,136.0,130.0,50.0,88,950.0,1710.0,1480.0,"3,100",2253.0,27/6,35/10,500.0,1610000.0
Top Cub,Piston,300,141.0,134.0,52.0,88,960.0,2125.0,1565.0,"3,320",1998.0,27/0,35/10,522.0,1640000.0
100 Darter (S.L. Industries),Piston,300,155.0,145.0,49.0,88,1075.0,1430.0,1400.0,"3,350",1750.0,25/8,35/10,645.0,1790000.0
Falcon 900 (3-eng fan jet),Piston,300,155.0,147.0,51.0,65,1040.0,1330.0,1400.0,"3,350",1565.0,25/6,36/2,470.0,1750000.0
100 Darter (S.L. Industries),Piston,300,153.0,145.0,54.0,65,950.0,1290.0,1285.0,"3,300",1560.0,25/6,36/2,470.0,1690000.0
Falcon 200,Piston,260,153.0,145.0,54.0,65,1000.0,1510.0,1265.0,"3,200",1520.0,25/5,36/0,561.0,1730000.0
100 Darter (S.L. Industries),Piston,235,187.0,173.0,50.0,92,1040.0,1570.0,1320.0,"3,100",1846.0,28/8,35/10,845.0,2000000.0
Falcon Fan Jet D 20,Piston,235,160.0,156.0,50.0,92,1140.0,1570.0,1320.0,"3,100",1809.0,28/8,35/10,845.0,1800000.0
100 Darter (S.L. Industries),Piston,235,168.0,157.0,49.0,92,965.0,1475.0,1350.0,"3,100",1781.0,28/5,35/10,743.0,2000000.0
Falcon F 20,Piston,235,176.0,159.0,49.0,92,1040.0,1385.0,1350.0,"3,100",2075.0,29/0,36/0,971.0,2000000.0
100 Darter (S.L. Industries),Piston,230,150.0,145.0,49.0,92,924.0,1514.0,1350.0,"3,100",1970.0,29/0,36/0,930.0,1810000.0
Falcon Fan Jet 10,Piston,230,143.0,140.0,46.0,88,924.0,1625.0,1280.0,"3,110",1882.0,28/0,16/0,813.0,1810000.0
100 Darter (S.L. Industries),Piston,230,146.0,142.0,49.0,92,865.0,1515.0,1350.0,"3,100",1775.0,28/0,35/10,817.0,1490000.0
DHC 6-300 Twin Otter Std. + '77-'78=less perf.,Piston,230,148.0,143.0,50.0,92,1010.0,1350.0,1350.0,"2,950",1754.0,28/0,35/10,817.0,1650000.0
100 Darter (S.L. Industries),Piston,230,146.0,139.0,50.0,65,890.0,1350.0,1350.0,"2,950",1640.0,28/1,35/10,550.0,1770000.0
DHC 6-200 Twin Otter,Piston,230,148.0,141.0,48.0,65,980.0,1205.0,1350.0,"2,800",1620.0,28/5,36/2,550.0,1890000.0
Twin Star Diamond DA42,Piston,230,148.0,141.0,48.0,65,980.0,1205.0,1350.0,"2,800",1610.0,27/4,36/2,550.0,1890000.0
100 Darter (S.L. Industries),Piston,230,148.0,141.0,54.0,55,1030.0,1080.0,1310.0,"2,650",1560.0,26/0,36/0,450.0,1980000.0
Katana DA20-C1,Piston,230,143.0,135.0,54.0,55,1120.0,1020.0,1290.0,"2,550",1540.0,26/0,36/0,443.0,2010000.0
100 Darter (S.L. Industries),Piston,230,137.0,123.0,48.0,88,970.0,1900.0,1720.0,"2,950",2204.0,27/6,35/10,804.0,1530000.0
100 Darter (S.L. Industries),Piston,230,137.0,123.0,48.0,61,990.0,2070.0,1720.0,"2,950",2110.0,27/6,35/10,804.0,1600000.0
TB-21 TC Trinidad,Piston,230,137.0,123.0,48.0,61,990.0,2070.0,1720.0,"2,950",1955.0,27/0,35/10,804.0,1600000.0
100 Darter (S.L. Industries),Piston,230,137.0,123.0,48.0,88,910.0,1706.0,1525.0,"2,800",1790.0,28/10,35/10,804.0,1470000.0
TB-200XL,Piston,230,148.0,141.0,48.0,88,1100.0,1205.0,1365.0,"2,800",1701.0,25/8,35/10,804.0,1770000.0
100 Darter (S.L. Industries),Piston,230,148.0,141.0,50.0,65,1090.0,1205.0,1365.0,"2,800",1525.0,25/6,36/2,622.0,1960000.0
TB-9 Tampico Club,Piston,230,148.0,139.0,54.0,55,1130.0,1080.0,1330.0,"2,650",1555.0,26/0,36/0,513.0,2150000.0
Eclipse 500,Piston,225,144.0,137.0,51.0,55,1110.0,1095.0,1310.0,"2,550",1540.0,26/0,36/0,513.0,2120000.0
100 Darter (S.L. Industries),Piston,200,157.0,149.0,50.0,61,925.0,1585.0,1350.0,"2,800",1765.0,27/3,35/6,500.0,1710000.0
Eurofox,Piston,200,153.0,144.0,50.0,51,860.0,1585.0,1350.0,"2,800",1630.0,27/3,35/6,506.0,1690000.0
Excalibur '800' conv. Beech Twin Bonanza,Piston,180,139.0,130.0,46.0,50,840.0,1400.0,1220.0,"2,500",1643.0,27/3,35/6,490.0,1460000.0
Excalibur conv. Beech Twin Bonanza,Piston,180,133.0,123.0,46.0,50,840.0,1400.0,1220.0,"2,500",1485.0,27/3,35/6,417.0,1460000.0
100 Darter (S.L. Industries),Piston,180,130.0,120.0,49.0,49,760.0,1575.0,1220.0,"2,500",1440.0,27/0,35/7,410.0,1580000.0
"Queen Air '8800' conv. Beech A80,B80",Piston,150,125.0,117.0,46.0,49,670.0,1575.0,1135.0,"2,350",1415.0,27/0,35/7,591.0,1270000.0
"Metro III,A",Piston,175,123.0,118.0,56.0,52,790.0,1450.0,1170.0,"2,450",1325.0,25/0,36/0,589.0,1450000.0
"Metro, II (prior '79 height=16/10)",Piston,175,128.0,121.0,54.0,52,850.0,1340.0,1155.0,"2,350",1312.0,25/0,36/0,593.0,1590000.0
100 Darter (S.L. Industries),Piston,180,144.0,140.0,50.0,66,800.0,1775.0,1340.0,"2,650",1627.0,27/5,35/10,720.0,1680000.0
Merlin IV C,Piston,180,123.0,122.0,48.0,54,680.0,1690.0,1335.0,"2,550",1480.0,26/11,36/1,475.0,1700000.0
100 Darter (S.L. Industries),Piston,195,132.0,130.0,47.0,52,870.0,1360.0,1345.0,"2,550",1572.0,27/2,35/10,570.0,1700000.0
Fairchild 300,Piston,180,126.0,124.0,48.0,56,730.0,1630.0,1335.0,"2,550",1663.0,27/2,36/1,638.0,1400000.0
100 Darter (S.L. Industries),Piston,160,123.0,122.0,47.0,53,720.0,1685.0,1295.0,"2,457",1600.0,26/11,36/1,580.0,1350000.0
"Merlin III C-23 (12,500 gross) (SN TT426 & up)",Piston,160,123.0,120.0,46.0,43,700.0,1625.0,1280.0,"2,400",1454.0,26/11,35/10,440.0,1300000.0
100 Darter (S.L. Industries),Piston,160,124.0,122.0,44.0,43,770.0,1390.0,1250.0,"2,300",1430.0,26/11,35/10,440.0,1420000.0
Merlin III A,Piston,150,122.0,115.0,44.0,42,645.0,1525.0,1250.0,"2,300",1335.0,26/11,35/10,435.0,1310000.0
100 Darter (S.L. Industries),Piston,150,122.0,115.0,43.0,42,645.0,1525.0,1250.0,"2,300",1315.0,26/11,35/9,417.0,1310000.0
Merlin II A,Piston,195,117.0,116.0,44.0,52,870.0,1850.0,1390.0,"2,550",1834.0,26/10,35/10,539.0,1550000.0
CTSW,Piston,160,96.0,95.0,44.0,43,740.0,2160.0,1345.0,"2,220",1632.0,26/8,35/10,440.0,1500000.0
800XP,Piston,150,98.0,97.0,44.0,42,715.0,2390.0,1345.0,"2,220",1574.0,27/0,35/10,435.0,1200000.0
100 Darter (S.L. Industries),Piston,150,94.0,92.0,45.0,42,580.0,2390.0,1345.0,"2,220",1450.0,27/0,35/9,435.0,1200000.0
G V,Piston,150,94.0,92.0,45.0,42,580.0,2390.0,1345.0,"2,220",1405.0,26/7,35/9,418.0,1200000.0
100 Darter (S.L. Industries),Piston,150,122.0,115.0,43.0,42,645.0,1525.0,1250.0,"2,300",1300.0,26/11,36/2,515.0,1310000.0
G IV,Piston,145,121.0,114.0,43.0,42,645.0,1525.0,1250.0,"2,300",1330.0,26/6,36/2,515.0,1310000.0
100 Darter (S.L. Industries),Piston,145,121.0,114.0,43.0,42,675.0,1450.0,1200.0,"2,250",1330.0,26/5,36/0,515.0,1420000.0
100 Darter (S.L. Industries),Piston,145,122.0,114.0,51.0,42,730.0,1370.0,1115.0,"2,200",1325.0,26/5,36/0,515.0,1510000.0
GII (G1159) with tip tanks,Piston,145,117.0,108.0,50.0,37,660.0,1650.0,1115.0,"2,200",1260.0,25/0,36/0,420.0,1330000.0
100 Darter (S.L. Industries),Piston,145,122.0,104.0,50.0,42,690.0,1820.0,1145.0,"2,200",1205.0,25/0,36/0,410.0,1550000.0
GI (G-159) ceiling quoted w/APU,Piston,110,110.0,107.0,43.0,26,715.0,1340.0,1200.0,"1,670",1141.0,24/1,33/2,315.0,1470000.0
"HS125-700,A (Hawk-Sidd mfg) ('77=24,200 gross)",Piston,100,109.0,106.0,42.0,26,670.0,1385.0,1075.0,"1,600",1104.0,23/11,33/2,303.0,1400000.0
100 Darter (S.L. Industries),Piston,100,106.0,102.0,42.0,26,670.0,1385.0,1075.0,"1,600",1060.0,23/9,33/2,303.0,1265000.0
BH-124-400A (Beech mfg),Piston,100,108.0,103.0,42.0,26,670.0,1385.0,1075.0,"1,600",1040.0,23/9,32/9,303.0,1400000.0
100 Darter (S.L. Industries),Piston,100,104.0,100.0,42.0,26,670.0,1385.0,1075.0,"1,600",1020.0,23/9,32/9,303.0,1265000.0
1124A Westwind 2,Piston,100,106.0,102.0,42.0,26,670.0,1385.0,1075.0,"1,600",1065.0,23/9,32/9,303.0,1265000.0
100 Darter (S.L. Industries),Piston,100,90.0,85.0,43.0,26,560.0,2075.0,850.0,"1,650",1120.0,24/1,32/9,276.0,1070000.0
1123 Commodore Jet,Piston,100,109.0,102.0,43.0,26,670.0,1375.0,1075.0,"1,600",970.0,23/9,32/8,303.0,1265000.0
100 Darter (S.L. Industries),Piston,100,108.0,105.0,43.0,26,740.0,1205.0,1055.0,"1,500",965.0,21/1,33/4,320.0,1530000.0
1121 Jet Commander,Piston,100,108.0,104.0,47.0,26,740.0,1205.0,1055.0,"1,500",962.0,21/0,33/4,318.0,1530000.0
J250-SP,Piston,90,103.0,90.0,46.0,21,640.0,1850.0,1530.0,"1,500",850.0,20/9,33/3,315.0,1560000.0
J230-SP,Piston,85,102.0,88.0,46.0,21,620.0,1950.0,1530.0,"1,500",850.0,20/9,33/3,315.0,1510000.0
LA-4 Amphibian,Piston,85,104.0,100.0,43.0,25,640.0,1850.0,1530.0,"1,450",818.0,20/9,32/8,390.0,1550000.0
C-1 Amphibian,Jet,1846,311.0,305.0,67.0,2000,1609.0,3192.0,1525.0,6000,3550.0,30/7,38/7,1275.0,3100000.0
LA-4-200 Buccaneer (land specs),Piston,310,235.0,181.0,57.0,106,1200.0,1250.0,2350.0,"3,600",2500.0,25/2,35/8,1300.0,2500000.0
XL2,Piston,310,235.0,179.0,57.0,106,1200.0,1250.0,2350.0,"3,400",2.3,25/2,35/8,1300.0,1800000.0
Jetstar -8,Piston,310,235.0,190.0,57.0,106,1200.0,1250.0,2350.0,"3,400",2250.0,25/2,36,1300.0,1800000.0
100 Darter (S.L. Industries),Piston,270,197.0,187.0,59.0,90,1050.0,2223.0,1312.0,"3,305",2152.0,24/11,32/10,870.0,2500000.0
8:00 AM,Piston,265,164.0,149.0,54.0,90,1070.0,1985.0,1200.0,"3,250",2102.0,24/11,32/10,1005.0,1680000.0
Superstar I (601P Aerostar),Piston,270,197.0,177.0,59.0,90,1050.0,2223.0,1312.0,"3,305",2151.0,24/11,32/9,870.0,2500000.0
MX-7-160,Piston,260,166.0,157.0,54.0,68,1030.0,2150.0,1200.0,"3,260",2070.0,25/1,32/9,665.0,1650000.0
MX-7-180A,Piston,260,166.0,157.0,55.0,68,1088.0,1990.0,1200.0,"3,140",1905.0,25/1,32/9,665.0,1740000.0
M-7-235,Piston,210,170.0,163.0,54.0,48,914.0,1750.0,1275.0,"2,950",2035.0,25/1,35/7,620.0,2000000.0
100 Darter (S.L. Industries),Piston,200,150.0,142.0,51.0,48,950.0,1829.0,1039.0,"2,800",1773.0,25/1,35/7,575.0,1505000.0
M-5-235C,Piston,200,149.0,140.0,54.0,48,1020.0,1585.0,1310.0,"2,650",1691.0,24/10,32/9,569.0,1390000.0
100 Darter (S.L. Industries),Piston,200,152.0,143.0,53.0,60,1000.0,1460.0,1310.0,"2,550",1530.0,24/11,32/9,750.0,1700000.0
100 Darter (S.L. Industries),Piston,180,132.0,110.0,42.0,54,800.0,1706.0,1525.0,"2,300",1200.0,23/6,35/2,555.0,1800000.0
M-5-180C,Piston,100,122.0,103.0,27.0,25,790.0,975.0,1040.0,"1,320",825.0,23/3,34/2,434.0,1800000.0
MU-300 Diamond II,Jet,"4,750",513.0,459.0,81.0,19165,4000.0,4950.0,3500.0,"45,500",22573.0,66/4,63/5,4400.0,4100000.0
100 Darter (S.L. Industries),Jet,"4,500",513.0,459.0,81.0,19165,3500.0,5300.0,3500.0,"45,500",22573.0,66/4,63/5,4200.0,3900000.0
MU-300 Diamond I,Jet,"3,700",518.0,430.0,77.0,15520,3430.0,4700.0,2800.0,"38,800",21100.0,60/9,61/10,3500.0,4100000.0
100 Darter (S.L. Industries),Jet,"5,200",521.0,435.0,89.0,10684,3065.0,5260.0,2860.0,"32,000",18800.0,56/3,53/6,2500.0,3900000.0
"MU-2L,-2N (-2N empty weight=7,760)",Jet,"4,125",530.0,457.0,90.0,8420,3500.0,3800.0,2940.0,"26,455",16600.0,56/3,53/6,1200.0,4200000.0
100 Darter (S.L. Industries),Jet,"4,250",512.0,457.0,90.0,8980,3500.0,6400.0,4850.0,"27,337",15400.0,56/3,53/6,1630.0,4200000.0
MU-2J,Jet,"4,315",530.0,458.0,84.5,9250,3300.0,5000.0,3300.0,"28,660",15970.0,56/3,53/6,1610.0,4200000.0
100 Darter (S.L. Industries),Jet,"4,500",530.0,410.0,88.0,9098,3330.0,4950.0,2450.0,"28,660",17500.0,56/3,53/6,1614.0,3700000.0
MU-2F,Jet,"3,230",513.0,459.0,84.0,5912,4600.0,4615.0,2750.0,"19,300",11200.0,45/6,42/11,1828.0,3900000.0
100 Darter (S.L. Industries),Jet,"3,230",513.0,459.0,88.0,5912,4600.0,4615.0,2750.0,"18,740",10800.0,45/6,42/11,1828.0,4500000.0
Acclaim (M20TN),Jet,"3,230",459.0,426.0,92.0,5910,4200.0,4300.0,3300.0,"18,300",10800.0,45/4,42/11,1800.0,4500000.0
TLS (M20M),Propjet,620,182.0,170.0,58.0,2583,1600.0,1500.0,1940.0,"12,500",6881.0,51/9,65/0,300.0,2670000.0
100 Darter (S.L. Industries),Propjet,620,182.0,171.0,64.0,2457,1600.0,1940.0,1940.0,"12,500",7487.0,51/9,65/0,300.0,2670000.0
PFM (M20L),Propjet,579,165.0,150.0,57.0,2457,1300.0,1900.0,1995.0,"11,579",7250.0,51/9,65/0,713.0,2430000.0
Encore (MS20K),Piston,135,194.0,172.0,56.0,52,1280.0,1730.0,1877.0,"3,935",2765.0,28/1,44/6,1129.0,1800000.0
100 Darter (S.L. Industries),Piston,81,161.0,117.0,37.0,20,680.0,1560.0,1490.0,"1,609",1095.0,23/6,35/7,526.0,2000000.0
205 (M20J),Piston,125,163.0,132.0,34.0,25,1105.0,1263.0,1235.0,"1,654",1166.0,23/6,35/8,422.0,2000000.0
M-20C Ranger ('77-'78),Propjet,850,320.0,255.0,56.0,1887,1380.0,2840.0,2430.0,"7,394",4698.0,34/11,41/7,1520.0,3100000.0
M-20-E Super 21 Chaparral,Propjet,700,300.0,291.0,61.0,1887,2380.0,1591.0,2034.0,"6,579",4050.0,34/11,41/7,1563.0,3000000.0
100 Darter (S.L. Industries),Piston,250,200.0,187.0,54.0,86,1125.0,1953.0,1750.0,"3,083",1795.0,25/4,32/6,713.0,2500000.0
M-20-B Mark 21,Piston,250,167.0,160.0,54.0,86,1260.0,1953.0,1750.0,"3,083",1744.0,25/4,32/6,1100.0,2000000.0
100 Darter (S.L. Industries),Piston,200,177.0,115.0,56.0,55,937.0,1561.0,1474.0,"2,535",1642.0,25/5,32/10,637.0,1600000.0
M-20-Mark 20,Piston,180,132.0,117.0,51.0,54,790.0,1657.0,1394.0,"2,535",1477.0,25/0,32/0,713.0,1300000.0
100 Darter (S.L. Industries),Piston,160,177.0,106.0,50.0,41,738.0,1706.0,1378.0,"2,337",1411.0,25/3,32/0,713.0,1100000.0
H-Rangemaster (1975-'76),Jet,900,0.64,426.0,69.0,1686,3314.0,2297.0,2155.0,"5,920",3550.0,33/6,37/11,1300.0,4100000.0
100 Darter (S.L. Industries),Propjet,750,221.0,181.0,71.0,440,1650.0,4000.0,4400.0,"13,007",8007.0,49/6,50/3,713.0,2150000.0
100 Darter (S.L. Industries),Piston,100,164.0,120.0,46.0,23,1000.0,1706.0,1525.0,"1,235",644.0,18/7,29/11,600.0,1400000.0
100 Darter (S.L. Industries),Piston,400,226.0,213.0,71.0,230,1870.0,1525.0,1940.0,"7,600",5100.0,31/5,46/0,713.0,2220000.0
PA-31-350 Chieftain ('81=optional fuel),Piston,380,239.0,226.0,71.0,230,1900.0,1225.0,1840.0,"7,300",4500.0,31/5,46/0,713.0,3000000.0
100 Darter (S.L. Industries),Piston,400,213.0,201.0,68.0,230,1535.0,1706.0,2176.0,"8,000",5400.0,N/C,N/C,713.0,2220000.0
"PA-31-310 Turbo Navajo B,C (prior '80 less fuel)",Piston,400,213.0,201.0,70.0,264,1490.0,2050.0,2450.0,"8,800",5800.0,N/C,N/C,713.0,2000000.0
PA-31-300 Navajo,Propjet,"1,000",280.0,248.0,88.0,648,2635.0,3495.0,1525.0,"14,500",8737.0,59/4,57/0,1827.0,2990000.0
100 Darter (S.L. Industries),Propjet,940wet,177.0,256.0,86.0,648,2400.0,2050.0,1970.0,"12,500",8000.0,59/4,46/3,1250.0,2700000.0
PA-23 E Turbo Aztec (1971 length=30/2),Propjet,"1,000",278.0,248.0,88.0,648,2635.0,3340.0,2970.0,"14,500",9200.0,59/4,57/0,2040.0,2990000.0
100 Darter (S.L. Industries),Propjet,1000 dry,283.0,261.0,87.0,648,2440.0,2850.0,2532.0,"14,000",9100.0,59/4,57/0,2040.0,3000000.0
"PA-23 D,E Aztec (prior '72 length=30/2)",Propjet,840,270.0,169.0,86.0,544,2400.0,2050.0,1970.0,"12,500",8200.0,59/4,46/3,1815.0,2700000.0
100 Darter (S.L. Industries),Propjet,900,303.0,264.0,92.0,648,2650.0,3080.0,2805.0,"13,230",8200.0,42/2,47/11,2178.0,2940000.0
PA-23 C Aztec,Propjet,900,300.0,265.0,92.0,648,2650.0,2920.0,3530.0,"13,230",8150.0,42/2,46/3,2025.0,2700000.0
100 Darter (S.L. Industries),Propjet,900,303.0,264.0,89.0,648,2800.0,2400.0,3360.0,"12,500",8090.0,42/2,46/3,2025.0,2940000.0
"PA34-180, Seneca V",Propjet,900,309.0,295.0,89.0,648,2780.0,2970.0,3240.0,"12,500",7800.0,42/2,46/3,2025.0,3140000.0
100 Darter (S.L. Industries),Propjet,840,283.0,169.0,83.0,648,2530.0,2150.0,1570.0,"12,500",7600.0,42/2,46/3,2670.0,2890000.0
PA-34-220T Seneca III (roc=t/o power),Propjet,665,177.0,257.0,76.0,386,2780.0,2970.0,3240.0,"10,000",6150.0,40/1,45/10,1318.0,2990000.0
100 Darter (S.L. Industries),Propjet,550,177.0,235.0,75.0,386,1950.0,2300.0,2380.0,"9,800",6075.0,40/1,45/10,1250.0,3100000.0
100 Darter (S.L. Industries),Piston,100,120.0,112.0,39.0,34,960.0,1706.0,1525.0,"1,320",649.0,20/4,28,1080.0,1400000.0
100 Darter (S.L. Industries),Piston,100,145.0,119.0,35.0,29,850.0,1050.0,1100.0,"1,320",760.0,20/4,31/6,730.0,1320000.0
PA-39 C/R Turbo Twin Comanche,Piston,100,133.0,116.0,36.0,18,850.0,1450.0,1410.0,"1,320",820.0,20/6,20/6,400.0,1320000.0
PA-30 B Turbo Twin Comanche,Jet,"14,750",516.0,459.0,56.0,41000,1200.0,5870.0,2950.0,"89,400",46800.0,96/5,93/6,6500.0,5100000.0
100 Darter (S.L. Industries),Jet,"13,850",505.0,459.0,115.0,29500,4122.0,5450.0,3190.0,"75,000",42500.0,88/4,77/10,4220.0,4500000.0
PA-23-150 Apache,Jet,"13,850",510.0,459.0,108.0,29500,4219.0,5265.0,3393.0,"73,200",42500.0,88/4,77/10,4420.0,4500000.0
100 Darter (S.L. Industries),Jet,"11,400",503.0,459.0,104.0,28300,4049.0,5115.0,3250.0,"69,700",38000.0,83/1,77/10,3767.0,4500000.0
100 Darter (S.L. Industries),Jet,"11,400",503.0,459.0,103.0,28300,4049.0,5115.0,3250.0,"69,700",38150.0,79/11,77/10,3680.0,4500000.0
PA-24-C 260 Comanche,Jet,"11,400",503.0,459.0,103.0,26800,4240.0,5750.0,3168.0,"65,500",37186.0,79/11,72/6,2795.0,4500000.0
100 Darter (S.L. Industries),Jet,"11,400",503.0,459.0,108.0,23300,4345.0,5625.0,3198.0,"64,800",36544.0,79/11,68/11,2592.0,4500000.0
PA-32R-301T Saratoga II TC,Propjet,"1,950",340.0,299.0,87.0,10463,1900.0,1706.0,1525.0,"36,000",23008.0,63/9,78/4,2164.0,3000000.0
100 Darter (S.L. Industries),Jet,"3,700",443.0,400.0,87.0,9450,3000.0,5800.0,3600.0,"24,800",14150.0,50/9,47/0,713.0,4100000.0
PA-32-300 '73-74 hgt=7/9 ('79 fuel=94 gal),Jet,"3,750",456.0,435.0,83.0,9450,4500.0,4850.0,2125.0,"25,000",12865.0,50/6,47/0,713.0,4100000.0
100 Darter (S.L. Industries),Jet,"3,360",443.0,385.0,77.0,9100,3100.0,5000.0,1990.0,"23,300",11920.0,47/5,47/0,713.0,4100000.0
PA-32-260 ('74-'78) 1974 height=7/9,Jet,"3,360",443.0,385.0,79.0,9100,4150.0,3800.0,2450.0,"22,700",12000.0,47/5,47/0,713.0,4100000.0
100 Darter (S.L. Industries),Jet,"3,700",476.0,415.0,89.0,9580,3500.0,5250.0,2350.0,"23,500",12800.0,52/3,44/9,2904.0,4500000.0
"PA-28R-,RT-,201T Turbo Arrow III, IV",Jet,"3,700",471.0,426.0,90.0,8710,3200.0,4950.0,2450.0,"22,850",12500.0,52/3,44/9,2440.0,4500000.0
100 Darter (S.L. Industries),Jet,"3,100",471.0,426.0,87.0,8620,4040.0,5750.0,2900.0,"20,700",11500.0,52/3,44/8,1450.0,4500000.0
PA-28-200R Arrow II (1973-'76),Jet,"2,950",471.0,426.0,84.0,7350,5000.0,5450.0,3900.0,"18,500",10500.0,50/5,43/3,1100.0,4500000.0
100 Darter (S.L. Industries),Jet,"2,850",471.0,426.0,82.0,6250,4400.0,5400.0,3900.0,"17,500",10500.0,50/5,43/3,950.0,4000000.0
100 Darter (S.L. Industries),Piston,120,125.0,120.0,39.0,36,700.0,1706.0,1525.0,"1,320",780.0,21/5,30/0,840.0,1500000.0
PA-28 180 Challenger & Archer,Piston,120,130.0,120.0,39.0,35,700.0,1706.0,1525.0,"1,320",800.0,21/5,32/5,800.0,1500000.0
100 Darter (S.L. Industries),Piston,180,122.0,114.0,39.0,40,800.0,1275.0,900.0,"2,400",1555.0,24/11,38/0,296.0,1300000.0
PA-28 C 150 Cherokee,Piston,180,123.0,117.0,45.0,30,800.0,1375.0,900.0,"2,350",1520.0,23/6,34/0,305.0,1350000.0
100 Darter (S.L. Industries),Piston,150,109.0,97.0,50.0,30,700.0,1550.0,900.0,"2,150",1450.0,23/6,34/0,320.0,950000.0
"PA-28 150,B 150 Cherokee",Piston,180,125.0,122.0,39.0,40,1000.0,1250.0,1525.0,"2,400",1345.0,24/11,38/0,296.0,1350000.0
100 Darter (S.L. Industries),Piston,180,149.0,143.0,39.0,40,800.0,1275.0,900.0,"2,400",1575.0,24/11,38/0,543.0,2000000.0
PA-28-151 Warrior (prior '77 stall=58),Piston,200,177.0,130.0,39.0,40,1200.0,875.0,900.0,"2,600",1535.0,24/11,38/0,455.0,1470000.0
100 Darter (S.L. Industries),Piston,200,135.0,130.0,39.0,40,1200.0,1050.0,950.0,"2,690",1555.0,24/11,38/0,455.0,1470000.0
PA-36-375 Brave (spray restr. category),Piston,125,162.0,125.0,49.0,30,682.0,1496.0,1519.0,"1,750",1160.0,20/4,28/9,505.0,2000000.0
"PA-25 235 C,D Pawnee (normal category)",Jet,"3,300",496.0,435.0,106.0,2660,4050.0,1706.0,3440.0,"41,900",20999.0,60/5,54/5,713.0,4300000.0
100 Darter (S.L. Industries),Piston,90,96.0,83.0,37.0,25,660.0,1850.0,1540.0,"1,400",870.0,20/0,35/0,273.0,1600000.0
PA-22 135 Tri-Pacer,Piston,85,91.0,83.0,37.0,30,640.0,1850.0,1540.0,"1,400",791.0,19/8,34/7,346.0,1550000.0
100 Darter (S.L. Industries),Piston,65,91.0,78.0,37.0,14,550.0,1950.0,1540.0,"1,260",750.0,19/8,34/7,182.0,1400000.0
PA-18 150 Super Cub,Piston,325,260.0,250.0,77.0,165,1955.0,1980.0,2076.0,Orig,200.0,Orig,Orig,1137.0,2000000.0
PA-18 95 Super Cub,Piston,160,177.0,135.0,40.0,40,825.0,1180.0,500.0,"2,200",1330.0,23/5,32/9,540.0,1300000.0
100 Darter (S.L. Industries),Piston,180,177.0,140.0,40.0,40,920.0,1150.0,500.0,"2,400",1350.0,23/5,32.9,500.0,1500000.0
100 Darter (S.L. Industries),Piston,235,177.0,148.0,30.0,40,1350.0,600.0,600.0,"2,500",1500.0,22/9,33/2,478.0,2000000.0
PA-11,Piston,235,157.0,129.0,38.0,40,1900.0,540.0,540.0,"2,500",1425.0,23/6,33/2,360.0,2000000.0
100 Darter (S.L. Industries),Piston,235,177.0,150.0,33.0,40,1350.0,600.0,600.0,"2,300",1400.0,23/6,30/10,360.0,2000000.0
Kodiak 100,Piston,220,157.0,150.0,33.0,42,1250.0,585.0,600.0,"2,300",1300.0,23/2,30/10,485.0,1900000.0
G3,Piston,210,177.0,170.0,33.0,40,1250.0,600.0,600.0,"2,300",1400.0,22/9,30/10,430.0,2000000.0
Super 340 (Cessna 340 conversion),Piston,210,157.0,137.0,33.0,40,1250.0,600.0,600.0,"2,300",1350.0,22/9,30/10,345.0,1800000.0
100 Darter (S.L. Industries),Piston,180,177.0,136.0,33.0,40,900.0,800.0,600.0,"2,300",1300.0,22/9,30/10,525.0,1500000.0
TurboStream (Cessna 310 & 320 conv) 310hp,Piston,220,157.0,152.0,35.0,42,1250.0,600.0,650.0,"2,300",1280.0,22/0,29/8,530.0,1900000.0
100 Darter (S.L. Industries),Piston,210,157.0,143.0,35.0,42,1250.0,585.0,600.0,"2,100",1250.0,22/0,29/8,500.0,1800000.0
Rocket (Cessna 310 conversion),Piston,180,148.0,135.0,35.0,42,1000.0,700.0,600.0,"2,300",1250.0,22/6,29/8,525.0,1700000.0
305 Rocket,Piston,145,157.0,130.0,35.0,42,700.0,900.0,600.0,"2,100",1100.0,22/0,29/8,750.0,1200000.0
100 Darter (S.L. Industries),Piston,967,151.0,109.0,54.0,106,1400.0,1706.0,1600.0,"9,300",5500.0,31/2,58/0,713.0,2500000.0
100 Darter (S.L. Industries),Jet,"2,900",456.0,438.0,56.0,4260,3180.0,3950.0,2930.0,"15,780",9925.0,48/5,43/6,1530.0,4100000.0
"200 D Meyers (Prop Jets, Inc.)",Jet,"2,500",430.0,400.0,77.0,4260,3050.0,3850.0,2800.0,"14,630",9410.0,48/5,43/6,1513.0,4100000.0
100 Darter (S.L. Industries),Jet,"2,500",434.0,410.0,77.0,646,3000.0,4100.0,2700.0,"13,890",8300.0,48/4,43/5,1510.0,4100000.0
"200 Meyers (Prop Jets, Inc.)",Propjet,778,309.0,296.0,77.0,403,2200.0,2170.0,1880.0,"11,575",7650.0,39/5,39/2,1391.0,2975000.0
100 Darter (S.L. Industries),Propjet,727,322.0,313.0,73.0,403,2350.0,1800.0,1600.0,"10,470",7010.0,33/3,39/2,1600.0,3350000.0
100 Darter (S.L. Industries),Propjet,724,317.0,304.0,73.0,364,2840.0,1800.0,1600.0,"10,470",6864.0,33/3,39/2,1250.0,3220000.0
100 Darter (S.L. Industries),Propjet,776,296.0,283.0,77.0,364,2630.0,2170.0,1880.0,"11,575",7570.0,39/5,39/2,1200.0,2960000.0
100 Darter (S.L. Industries),Propjet,724,317.0,270.0,71.0,366,3100.0,1700.0,1490.0,"9,920",5920.0,33/3,39/2,1175.0,3320000.0
Sabre 75A,Propjet,724,300.0,265.0,73.0,366,2690.0,1870.0,1670.0,"10,800",6800.0,39/5,39/2,1150.0,3080000.0
100 Darter (S.L. Industries),Propjet,705,283.0,261.0,73.0,366,2590.0,1890.0,1670.0,"10,800",6700.0,39/5,39/2,1100.0,2700000.0
Sabre 65,Propjet,705,296.0,270.0,71.0,366,2875.0,1700.0,1320.0,"9,920",5790.0,33/3,39/2,1150.0,3040000.0
100 Darter (S.L. Industries),Propjet,605,261.0,169.0,64.0,285,2000.0,1600.0,1100.0,"8,930",5730.0,33/3,39/2,880.0,2600000.0
100 Darter (S.L. Industries),Piston,280,242.0,237.0,59.0,100,1380.0,1706.0,1525.0,3374,2370.0,26/9,36/5,1852.0,2500000.0
Sting Sport S3,Jet,280,242.0,175.0,56.0,89,1375.0,2100.0,2650.0,3368,2380.0,26/8,36/6,1275.0,2500000.0
108-3,Piston,270,236.0,223.0,58.0,96,1230.0,2050.0,2600.0,"3,368",2353.0,26/11,36/1,713.0,2500000.0
108-1,Piston,280,197.0,191.0,60.0,95,1200.0,1700.0,1600.0,"3,368",2200.0,26/9,36/1,900.0,2100000.0
GC-1B,Piston,217,161.0,169.0,57.0,61,1030.0,2550.0,1910.0,"2,900",2003.0,26/11,36/1,713.0,1930000.0
SA-160,Piston,310,217.0,200.0,60.0,92,1120.0,2079.0,1549.0,"3,680",2380.0,26/1,35/0,813.0,2400000.0
F-21B,Piston,310,197.0,170.0,59.0,100,1300.0,2600.0,2500.0,3380,2250.0,26/8,36/6,1450.0,2000000.0
100 Darter (S.L. Industries),Piston,220,213.0,197.0,60.0,80,1300.0,2000.0,2320.0,"3,100",2000.0,25/5,36/1,1100.0,2500000.0
P2006T,Piston,210,219.0,201.0,59.0,75,1080.0,2200.0,2300.0,"2,900",1800.0,25/5,36/1,980.0,2800000.0
A-36 Bonanza Prop Jet,Piston,200,178.0,171.0,54.0,64,1060.0,1700.0,1600.0,"2,740",1710.0,24/8,36/1,690.0,1860000.0
1000 Jet Prop,Piston,210,201.0,191.0,57.0,75,1080.0,2060.0,2280.0,"2,900",1800.0,25/5,36/1,980.0,2400000.0
100 Darter (S.L. Industries),Piston,200,175.0,170.0,53.0,64,1030.0,1550.0,1550.0,"2,740",1671.0,24/8,36/1,690.0,1880000.0
900 Jet Prop,Piston,200,161.0,156.0,54.0,64,1055.0,1385.0,1786.0,"2,740",1640.0,24/0,35/0,734.0,1880000.0
100 Darter (S.L. Industries),Piston,200,165.0,160.0,50.0,52,1125.0,1550.0,1550.0,"2,575",1600.0,23/2,35/0,601.0,2120000.0
"690A, Prop Jet (690 length=43/0 & height=14/11)",Piston,180,155.0,147.0,50.0,52,875.0,1250.0,1670.0,"2,525",1585.0,24/3,35/0,627.0,1700000.0
100 Darter (S.L. Industries),Piston,180,147.0,143.0,50.0,52,800.0,1395.0,1610.0,"2,575",1525.0,23/2,35/0,659.0,1650000.0
720 Alti-Cruiser,Piston,180,153.0,150.0,50.0,52,860.0,1395.0,1550.0,"2,575",1525.0,23/2,35/0,659.0,1950000.0
100 Darter (S.L. Industries),Piston,200,171.0,163.0,50.0,52,1110.0,1300.0,1365.0,"2,575",1575.0,23/2,35/0,601.0,1880000.0
685 pressurized,Piston,180,165.0,158.0,50.0,52,800.0,1250.0,1550.0,"2,575",1525.0,23/2,35/0,659.0,1720000.0
100 Darter (S.L. Industries),Piston,180,165.0,158.0,50.0,52,1150.0,1050.0,1100.0,"2,450",1525.0,23/2,35/0,745.0,1850000.0
680 W Turbo II Prop Jet,Piston,180,165.0,157.0,50.0,35,1150.0,1050.0,1100.0,"2,450",1440.0,23/1,35/0,513.0,2000000.0
100 Darter (S.L. Industries),Piston,150,149.0,143.0,50.0,35,900.0,1150.0,1100.0,"2,450",1415.0,23/1,35/0,655.0,1720000.0
680 FLP Pressurized Grand,Piston,180,128.0,117.0,50.0,52,740.0,1125.0,1100.0,"2,500",1455.0,23/2,35/0,715.0,1360000.0
100 Darter (S.L. Industries),Piston,90,103.0,96.0,40.0,24,835.0,953.0,1016.0,"1,450",950.0,20/8,30/0,484.0,1250000.0
680 FL Grand,Piston,90,112.0,108.0,39.0,24,640.0,1250.0,1350.0,"1,450",950.0,20/0,30/0,456.0,1730000.0
100 Darter (S.L. Industries),Piston,65,123.0,109.0,37.0,12,1000.0,1000.0,1000.0,850,575.0,17/7,26/1,713.0,1940000.0
100 Darter (S.L. Industries),Piston,285,177.0,166.0,48.0,40,1375.0,980.0,980.0,"3,315",2000.0,27/5,34/9,335.0,2150000.0
560 F,Piston,260,160.0,156.0,51.0,108,1150.0,980.0,980.0,"3,315",1925.0,27/5,34/5,1043.0,2050000.0
100 Darter (S.L. Industries),Piston,260,165.0,147.0,57.0,40,1110.0,1100.0,1100.0,"2,850",1950.0,27/3,33/3,340.0,1660000.0
560 A-HC,Piston,205,142.0,135.0,57.0,40,1050.0,900.0,1100.0,"2,750",1782.0,27/3,33/3,430.0,1560000.0
560,Propjet,850,400.0,169.0,90.0,2630,3000.0,2630.0,2650.0,"10,810",7200.0,47/3,46/0,1746.0,4100000.0
500 U,Propjet,1200,270.0,265.0,64.0,402,1680.0,2300.0,1830.0,"9,920",5732.0,47/3,53/3,2261.0,3000000.0
500 A,Propjet,1000,351.0,334.0,56.0,3819,3242.0,1930.0,2280.0,"12,050",7856.0,43/5,47/8,1879.0,4100000.0
100 Darter (S.L. Industries),Propjet,720,312.0,288.0,89.0,578,2380.0,2280.0,3043.0,"11,200",6837.0,43/5,47/8,1722.0,3584000.0
520,Propjet,720,290.0,275.0,87.0,390,2236.0,3230.0,3017.0,"11,200",6389.0,43/5,47/8,1515.0,3200000.0
2180,Propjet,620,275.0,270.0,77.0,382,1750.0,2940.0,2446.0,"9,474",5164.0,36/8,42/8,1336.0,3240000.0
2150A Kachina,Propjet,620,283.0,269.0,75.0,382,2710.0,1980.0,2480.0,"9,000",5018.0,34/8,42/8,1444.0,3160000.0
